Nombre,Apellido,Email,Trabajo,Direccion
Mateo,Jaime,ngela66@hotmail.com,Central Grupo Funcionario,Rosa Muelle 5
Germán,Carvajal,Cristin.Quintana2@hotmail.com,Adelante Contabilidad Director,Fernández Monte s/n.
Guadalupe,Barreto,Sara.Betancourt@gmail.com,Cliente Paradigma Consultor,Tijerina Polígono, 12
Lorenzo,Cruz,Bernardo_Sisneros@yahoo.com,Nacional División Arquitecto,Silvia Paseo 1
Samuel,Alonso,Cristin.Aguilera2@hotmail.com,Regional Operaciones Ingeniero,Olivas Riera 5
Gustavo,Esparza,Vicente_Correa68@hotmail.com,Interno Marketing Facilitador,Meléndez Arroyo, 1
Tomás,Loera,Pablo21@gmail.com,Nacional Investigación Asistente,Rascón Torrente 4
Andrés,Tafoya,Dolores49@yahoo.com,Regional Investigación Supervisor,Otero Plaza, 5
Eva,Vanegas,Alicia.Hinojosa58@hotmail.com,Senior Seguridada Relacciones,Pedro Conjunto 6
Patricia,Toledo,Estela.Grijalva@yahoo.com,Humano Soluciones Productor,Cadena Parcela 11
Sancho,Lugo,Marcela_Salcedo16@gmail.com,Jefe Respuesta Oficial,Luz Colonia s/n.
Barbara,González,Ariadna.Vela@gmail.com,Central Marketing Ejecutivo,Salvador Paseo 69
Silvia,Collazo,Carmen84@gmail.com,Director Paradigma Arquitecto,Manuela Riera, 88
Gonzalo,Páez,Luisa.Hinojosa@hotmail.com,Humano Configuración Planificador,Hurtado Muelle 0
Víctor,Lemus,Ana.Gurule@yahoo.com,Futuro Interacciones Facilitador,Emilia Gran Subida, 47
María Cristina,Padilla,AnaLuisa_Cruz55@hotmail.com,Corporativo Factores Arquitecto,Mascareñas Travesía 9
Octavio,Ornelas,Cecilia_Trejo@gmail.com,Central Identidad Oficial,Solís Municipio 8
Sonia,Preciado,JorgeLuis.Rivero53@hotmail.com,Heredado Datos Facilitador,Ana María Avenida 63
María Cristina,Valles,MaraJos.Palacios37@hotmail.com,Producto Optimización Oficial,Betancourt Torrente s/n.
Juan Carlos,Calderón,Manuel_Delvalle@yahoo.com,Gerente Usabilidad Representante,Vergara Mercado s/n.
Rosa,Santillán,Norma.Trrez39@gmail.com,Jefe Interacciones Coordinador,Maldonado Extrarradio, 89
Gregorio,Madrigal,Josefina.Quesada12@hotmail.com,Global Investigación Ejecutivo,Solano Solar, 37
María Teresa,Baca,JulioCsar86@gmail.com,International Contabilidad Arquitecto,Soliz Gran Subida s/n.
Inés,Tamez,Julio.Cavazos55@gmail.com,Producto Seguridada Representante,Jaime Arrabal 87
Horacio,Sotelo,Antonio80@hotmail.com,Heredado Implementación Agente,Arredondo Senda, 3
Adriana,Treviño,Laura93@yahoo.com,Nacional Web Especialista,Cecilia Vía Pública 61
Berta,Llamas,Margarita.Robledo@hotmail.com,Futuro Aplicaciones Agente,Olivárez Apartamento s/n.
Octavio,Meraz,Germn69@gmail.com,Senior Intranet Técnico,Berta Arroyo 2
José Eduardo,Escamilla,Diana63@gmail.com,Humano Paradigma Director,Ortega Arrabal, 8
Víctor,Salas,JuanCarlos.Alemn@yahoo.com,Humano Comunicaciones Administrador,Meza Pasaje, 1
Lorenzo,Padrón,Micaela_Roldn16@gmail.com,Global Identidad Asociado,Amalia Rincón, 5
Daniel,Tejeda,Andrea43@yahoo.com,Central Grupo Desarrollador,Macías Municipio 6
Ricardo,Soria,Teodoro60@gmail.com,Interno Aplicaciones Ejecutivo,Arevalo Torrente s/n.
Esteban,Gaona,Mariano.Valenzuela@hotmail.com,Producto Mercados Productor,Timoteo Arroyo s/n.
Mercedes,Gámez,Guadalupe94@gmail.com,Adelante Investigación Analista,Inés Carretera 39
Andrés,Noriega,MaradelCarmen90@yahoo.com,Distrito Aplicaciones Relacciones,Arevalo Muelle, 3
María Luisa,Chavarría,Marcela2@gmail.com,Regional Seguro Gerente,Carrero Barranco s/n.
Horacio,Solorzano,Susana_Mateo@gmail.com,Gerente Intranet Analista,Sosa Calle 15
Maricarmen,Cazares,Bernardo.Arroyo@gmail.com,Nacional Programa Asistente,Calvillo Jardines s/n.
Claudia,Pelayo,Sofa19@hotmail.com,Director Grupo Agente,Hernán Edificio s/n.
Ernesto,Gutiérrez,Csar96@hotmail.com,Corporativo Aplicaciones Gerente,Esperanza Prolongación 89
José Eduardo,Terán,Adriana_Mota27@hotmail.com,Inversor Identidad Arquitecto,Emilia Rincón, 4
Pilar,Sisneros,Lourdes55@gmail.com,Heredado Implementación Agente,Aragón Municipio 66
Gustavo,Zayas,JosEduardo.Paz@yahoo.com,Producto Métricas Funcionario,Horacio Riera 45
Marco Antonio,Carmona,Lorenzo51@hotmail.com,Senior Implementación Representante,Meza Arroyo s/n.
Pablo,Menchaca,Amalia.Lira41@yahoo.com,Regional División Productor,Holguín Riera 0
Olivia,Delatorre,Cecilia_Arce@hotmail.com,Distrito Programa Arquitecto,Catalina Cuesta 6
Tomás,Palomino,Barbara.Nava61@gmail.com,Senior Seguridada Arquitecto,Cecilia Barranco, 53
Irene,Solano,Rosario_Robles@yahoo.com,Director Infraestructura Arquitecto,Tórrez Arroyo 9
Antonio,Amador,Cristina42@gmail.com,Directo Creativo Consultor,Aguayo Ramal, 6
Roberto,Cisneros,Agustn_Solorio65@yahoo.com,Cliente Intranet Técnico,Estela Extrarradio, 7
Carla,Robledo,Carlota_Guzmn95@gmail.com,Producto Factores Administrador,Figueroa Plaza, 94
Mónica,Gastélum,Laura76@yahoo.com,Nacional Métricas Asociado,Dueñas Solar s/n.
María del Carmen,Briones,Irene37@gmail.com,Dinánmico Usabilidad Representante,Pedraza Explanada, 5
Jesús,Rojo,Vctor_Gurule13@hotmail.com,Futuro Creativo Desarrollador,Mena Ronda, 2
José Emilio,Padrón,Gloria56@hotmail.com,Dinánmico Usabilidad Asistente,Joaquín Explanada, 4
Raúl,Valadez,Lourdes.Merino57@hotmail.com,Adelante Intranet Administrador,Cortéz Parque 44
Beatriz,Araña,Patricia_Luna52@yahoo.com,Interno Funcionalidad Funcionario,Ester Pasaje, 9
Guillermina,Munguía,Adriana_Montero33@gmail.com,Regional Mobilidad Asociado,Isabel Colegio 8
Sancho,Trujillo,Esteban.Pantoja@gmail.com,Interno Datos Coordinador,Adriana Paseo, 67
Lorena,Zayas,Diego_Montz47@hotmail.com,Central División Consultor,Zayas Monte 45
Graciela,Santacruz,Lucas_Salgado@hotmail.com,Interno Interacciones Director,Salgado Puerta s/n.
Yolanda,Bueno,Ramiro_Rico34@yahoo.com,Inversor Investigación Arquitecto,Patiño Rampa 55
Isabela,Mondragón,Carla_Tern@gmail.com,Gerente Respuesta Asociado,Fierro Salida s/n.
Elsa,Matos,Marta.Bermdez@yahoo.com,Directo Intranet Oficial,Armendáriz Pasaje 67
Isabel,Suárez,Patricio_Abreu@gmail.com,Futuro Integración Administrador,Palomino Quinta, 31
José Emilio,Sanabria,Alicia_Prado14@gmail.com,Corporativo Infraestructura Consultor,David Vía Pública s/n.
Luis,Granados,Maril_Dvila@hotmail.com,Directo Marketing Analista,Patricia Puerta 7
Inés,Valles,Josefina.Soliz@gmail.com,Cliente Funcionalidad Estratega,Espinal Colegio, 3
Blanca,Polanco,Beatriz_Esquibel@gmail.com,Corporativo Mercados Oficial,Cortés Calle s/n.
Felipe,Sevilla,Graciela61@hotmail.com,Distrito Creativo Productor,María Cristina Extrarradio, 9
Yolanda,Anguiano,Vctor7@yahoo.com,Senior Normas Relacciones,Espinoza Subida 2
Raúl,Terrazas,Florencia_Barrientos29@hotmail.com,Producto Paradigma Oficial,Eloisa Vía, 50
Emilio,Romo,Gerardo63@yahoo.com,Central Comunicaciones Consultor,Isabela Explanada, 87
Óscar,Jaimes,Dorotea9@gmail.com,Nacional Comunicaciones Consultor,María Elena Arroyo 73
Miguel Ángel,Salazar,Benito_Ramrez@yahoo.com,Cliente Creativo Coordinador,Delatorre Partida, 14
Isabela,Delao,Ernesto.Olivas@yahoo.com,Adelante Operaciones Estratega,Alfonso Explanada 04
Octavio,Tovar,Pablo.Montes64@hotmail.com,Cliente Operaciones Desarrollador,Espinal Gran Subida 86
Berta,Negrete,Joaqun76@gmail.com,Global Cuentas Especialista,Isabela Vía, 20
María,Villagómez,Anita_Madrid50@gmail.com,Distrito Métricas Director,Lira Entrada, 24
Mario,Magaña,Margarita_Mora11@yahoo.com,Nacional Normas Representante,Beatriz Masía 65
Marisol,Rivero,Josefina99@gmail.com,Dinánmico Marketing Ingeniero,Gabriel Caserio s/n.
Carmen,Lira,Florencia.Aranda13@hotmail.com,Dinánmico Web Consultor,Santillán Puente 82
Irene,Girón,Clemente_Amaya41@yahoo.com,Interno Optimización Estratega,Elizondo Subida, 84
Verónica,Villegas,Ana8@hotmail.com,Nacional Paradigma Ingeniero,Valdivia Barranco, 3
Gregorio,Salas,Vicente_Ziga@yahoo.com,Central Web Coordinador,Anita Monte s/n.
Isabel,Suárez,Amalia_Romo89@hotmail.com,International Comunicaciones Analista,Villagómez Masía 1
Verónica,Salgado,Samuel.Torres56@yahoo.com,Dinánmico Infraestructura Analista,Gerardo Parcela, 96
Ramón,Olivares,David34@gmail.com,Dinánmico Web Arquitecto,Muñoz Prolongación 06
Benjamín,Valverde,Rebeca.Jaime72@yahoo.com,Cliente Configuración Desarrollador,Lebrón Camino 66
Pilar,Véliz,Graciela90@gmail.com,Distrito Soluciones Consultor,Alejandra Ronda 3
Sonia,Bernal,Gabriel36@gmail.com,Producto Cuentas Analista,Ávila Monte s/n.
Antonia,Maestas,Carmen24@hotmail.com,Heredado Interacciones Supervisor,Ceballos Municipio 02
Homero,Collazo,Cristina.Aranda@hotmail.com,Nacional Datos Oficial,Mascareñas Cuesta, 24
Antonio,Cazares,Guillermina_Zavala@hotmail.com,Nacional Marketing Asistente,Francisco Puerta 13
Horacio,Trujillo,Natalia.Barreto@yahoo.com,Corporativo Programa Consultor,Alicia Prolongación s/n.
Miguel Ángel,Villarreal,Claudia.Iglesias31@yahoo.com,International Mercados Ejecutivo,Ana Luisa Municipio 6
María,Carrasquillo,Carlota19@hotmail.com,Gerente Comunicaciones Asistente,Estévez Colegio 64
Mónica,Samaniego,Federico28@hotmail.com,Distrito Interacciones Analista,Francisca Manzana 8
Pablo,Benítez,Claudio_Rojas97@yahoo.com,Senior Factores Gerente,Montalvo Avenida 45
